output_id,output
9c1e755f_0,|0000000000|5555505868|4444405333|2222205868|2222205333|2222205868|1111105333|0000005868|0000005333|0000000000| |0000000000|5586805868|4444404444|2222202222|2222202222|2222202222|1111101111|0000005868|0000005333|0000000000| |0000000000|5555505868|4444405868|2222205868|2222205868|2222205868|1111105868|1111105868|1111305333|0000000000|
c074846d_0,|000000000|000000000|000000000|000000000|000000000|000522200|000300000|000300000|000300000| |000000000|000000000|000000000|000000000|000000000|002225000|000300000|000300000|000300000| |000000000|000000000|000000000|000000000|000000000|522222200|000300000|000300000|000300000|
c074846d_1,|00000300000|00000300000|00000300000|00000300000|02222500000|00000000000|00000000000|00000000000|00000000000| |00000300000|00000300000|00000300000|00000300000|00000522220|00000000000|00000000000|00000000000|00000000000| |00000000000|00000000000|00000000000|00000000000|00000000000|00000000000|00000000000|00000000000|00000000000|
2546ccf6_0,|00000800000800000800000|00000800000800000800000|00200800200800000800000|00222822200800000800000|00020802000800000800000|88888888888888888888888|00020802000800000800000|00222822200800000800000|00200800200800110801100|00000800000800101810100|00000800000800010801000|88888888888888888888888|00000800000800010801000|00000800000800101810100|00000800000800110801100|00444844400800000800000|00040804000800000800000|88888888888888888888888|00040804000800000800000|00444844400800000800000|00000800000800000800000|00000800000800000800000|00000800000800000800000|88888888888888888888888|00000800000800000800000|00000800000800000800000| |00000800000000000800000|00000800000800000000000|00000000000000000000000|00200822200000000800000|00020802000800000000000|00008000000000000000000|00000802000000000800000|00022802000800000000000|00000000000000000000000|00000800000000101810100|00000800000800010000000|00008000000000000000000|00000800000000000801000|00000800000800100000000|00000000000000000000000|00400844400000000800000|00040804000800000000000|00008000000000000000000|00000804000000000800000|00044804000800000000000|00000000000000000000000|00000800000000000800000|00000800000800000000000|00008000000000000000000|00000800000000000800000|00000800000800000000000| |00000000000000000000000|00000000000000000000000|00000000000000000000000|00000000000000000000000|00000000000000000000000|00000000000000000000000|00000000000000000000000|00000000000000000000000|00000000000000000000000|00000000000000000000000|00000000000000000000000|00000000000000000000000|00000000000000000000000|00000000000000000000000|00000000000000000000000|00000000000000000000000|00000000000000000000000|00000000000000000000000|00000000000000000000000|00000000000000000000000|00000000000000000000000|00000000000000000000000|00000000000000000000000|00000000000000000000000|00000000000000000000000|00000000000000000000000|
5207a7b5_0,|888855600|888855600|888855000|888850000|888850000|888850000|888800000|888000000|888000000|880000000|880000000|800000000|000000000|000000000|000000000| |888500000|888500000|888000000|888000000|860000000|860000000|800000000|886600000|888600000|888000000|880000000|800000000|000000000|000000000|000000000| |888866000|888860000|888850000|888580000|888580000|888500000|888500000|888000000|880000000|880000000|880000000|800000000|000000000|000000000|000000000|
8b28cd80_0,|666660606|000060606|666060606|006060606|606060606|006060606|666060606|000060606|666660606| |606060606|606000606|606666606|600000006|666666666|000000000|666666666|000000000|666666666| |666066666|606060600|666666666|606060000|666666666|606000000|666666666|600000000|666660606|
8b28cd80_1,|333330303|000030303|333030303|303030303|303030303|303030303|333030303|000030303|333330303| |303030303|303000303|303333303|300000003|333333333|000000000|333333333|000000000|333333333| |333330303|303030000|333330303|303030000|333330303|303000000|333330303|300000000|333330303|
6a11f6da_0,|16161|10606|86186|01616|60661| |16161|10686|86186|01616|68661| |66161|18686|86186|01616|60661|
2697da3f_0,|000004444400000|000004444400000|000004444400000|000004444400000|000004444400000|444440444444444|444444044444444|444444404444444|444444440444444|444444444044444|000004444400000|000004444400000|000004444400000|000004444400000|000004444400000| |000004000400000|000004044400000|000004444400000|000004444400000|000004444400000|444440440444444|444444000444444|040444000444040|044444000444044|444444444044444|000004444400000|000004444400000|000004444400000|000004444400000|000004000400000| |000004404400000|000004444400000|000004444400000|000004444400000|000004444000000|444440440444444|444444000444444|044444000444444|444440000444040|444404444044400|000004444400000|000004444400000|000004444400000|000004444000000|000004400000000|
a8610ef7_0,|000502|525052|255502|200052|020002|555052| |000505|525055|255505|200052|020002|555055| |000505|525052|255502|200052|020002|555055|
e9ac8c9e_0,|000000000000000|066699900000000|066699900000000|066699900000000|077788800009700|077788800002600|077788800000000|000000000000000|000000000000000|000000000000000|000000682200000|000000682200000|000000883300000|000000883300000|000000000000000| |000000000000000|066699900000000|066699900000000|066699900000000|077799998009700|077788808002600|077788808000200|000000002000200|006788602000200|007788808000600|007700602200600|007700602200600|887700883300000|877700883300000|000000000000000| |000000000000000|066699999999700|066699999999700|066699999999700|077766889999700|077766882222600|077766882222600|077766888222600|077666688222200|077666688222200|077666688222200|078888883333300|088888883333300|000000000000000|000000000000000|
79369cc6_0,|068006166111000|108168811010804|006018011000104|111866680018086|108086068111118|006010088118160|018106888601660|100000180008108|010811180081186|011101100111081|808884446118680|108116448181001|061006641100888|811008808800001|118801888800068|081801806160660| |068006166111001|108168811010801|006018011000101|111866680018086|108086068111118|006010088118160|018106888601660|100000180008108|414811180081186|011101100111081|808884446118680|148116448181011|461046641100888|811408808800111|118841888840168|000801800000660| |068046166111001|188168811010801|086818011000801|111866680018086|108086068111118|006010088118160|018106888688660|100000180008118|010811180081186|011101100111080|808884446118680|108116448181011|061806641100888|811008808800111|118801888800168|081801806868660|
88207623_0,|000000000000000000|044420120000000000|044020020220200000|444420002222420000|000000000044420000|000000000004020000|000000000044420080|004000200002000000|000400200000000000|000040200000000000|000444200700000000|004044220000000000|000040200000002400|000000000000002040|000000000000302440|000000000000000000| |000000000000000000|044420100000000000|044020000000000000|444422000000420000|000000000044420000|000000000004020000|000000000044420080|004000200000000000|000400200000000000|000040200000300000|000444200703330030|004044200000330000|000040200000322400|020200000000022240|022232000000322440|000000000000000000| |000000000000000000|044422100000000000|044220200000222000|444420000000420000|000000000044422000|000000000004222200|000000000044420280|004202200002202002|000400200000000000|000040200000000000|000444200700000000|004044200000000000|000040200000302400|000000000000002040|000000000000302440|000000000000000000|
8ee62060_0,|18000000000000|81000000000000|00180000000000|00810000000000|00001800000000|00008100000000|00000018000000|00000081000000|00000000180000|00000000810000|00000000001800|00000000008100|00000000000018|00000000000081| |08000000000000|80000000000000|00080000000000|00800000000000|00000800000000|00008000000000|00000008000000|00000080000000|00000000080000|00000000800000|00000000000800|00000000008000|00000000000008|00000000000080| |00000000000000|00000000000000|00000000001800|00000000008100|00000000180000|00000000810000|00000018000000|00000081000000|00001800000000|00008100000000|00180000000000|00810000000000|18000000000000|81000000000000|
67b4a34d_0,|3333|3333|3333|3333| |6642|2244|6242|2664| |6764|4196|6424|1669|
fc754716_0,|8888888|8000008|8000008|8000008|8000008|8000008|8000008|8000008|8888888| |8888888|8888888|8000008|8000008|8000008|8000008|8000008|8888888|8888888| |8888888|8800088|8000008|8000008|8000008|8000008|8000008|8800088|8888888|
b7fb29bc_0,|000000000000000|000000000000000|000333333333000|000344444443000|000344242243000|000334242243000|000344242243000|000322242243000|000344442243000|000322222243000|000333333333000|000000000000000|000000000000000|000000000000000|000000000000000| |000000000000000|000000000000000|000333333333000|000342444323000|000344242423000|000334242223000|000344242423000|000342242223000|000344442423000|000333333323000|000333333333000|000000000000000|000000000000000|000000000000000|000000000000000| |000000000000000|000000000000000|000333333333000|000344444443000|000344242243000|000334244243000|000344244243000|000322242243000|000344444243000|000322224243000|000333333333000|000000000000000|000000000000000|000000000000000|000000000000000|
cd3c21df_0,|48|88|84| |48|88|88| |88|88|88|
e345f17b_0,|0400|0000|0000|0004| |0000|0000|0000|0000| |0400|0040|4004|0044|
e345f17b_1,|4040|4040|0044|0040| |4040|4040|0044|0000| |0000|4040|0044|0000|
516b51b7_0,|00111111111110000|00122222222210000|00123333333210000|00123333333210000|00122222222210000|00111111111110000|00000000000000000|00000000011111110|00000000012222210|01111100012333210|01222100012323210|01111100012323210|00000000012333210|00000000012222210|00000000011111110| |00111111111110000|00122222222210000|00122222333210000|00123332333210000|00122222222210000|00111111111110000|00000000000000000|00000000011111110|00000000012222210|01111100012333210|01222100012323210|01111100012323210|00000000012333210|00000000012222210|00000000011111110| |00111111111110000|00122222222210000|00123332333210000|00123332333210000|00122222222210000|00111111111110000|00000000000000000|00000000011111110|00000000012222210|01111100012333210|01222100012333210|01111100012333210|00000000012333210|00000000012222210|00000000011111110|
e872b94a_0,|00|00|00|00|00| |000| |0|0|0|
8ba14f53_0,|444|400|700| |700|444|000| |444|400|770|
e619ca6e_0,|0000000000000000000000000000|0000000000000000000000000000|0000000000000000000000000000|0000000000000000000000000000|0000000000000000000000000000|0000000000000000000000000000|0000000033330000000000000000|0000000033330000000000000000|0000000000000000000000000000|0000003300000000330000000000|0000003300000003333000000000|0000003300000003333000000000|0000000000000000000000000000|0000000000000000000000000000|0000000000000000000000000000|0000000000000000000000000000|0000000000000000000000000000|0000000033300000000000000000|0000000033330000000000000000|0000000000000000000000000000|0000003000000000000000000000|0033330003333000000003300000|0000000030330000000000300000|0000000000000000000000000000|0000000000000000000000000000|0000000000000000000000000000|0000000000000000000000000000|0000000000000000000000000000|0000000000000000000000000000| |0000000000000000000000000000|0000000000000000000000000000|0000000000000000000000000000|0000000000000000000000000000|0000000000000000000000000000|0000000000000000000000000000|0000000000000000000000000000|0000000000000000000000000000|0000000000000000000000000000|0000003300000000330000000000|0000003300000003333000000000|0000003300000003000000000000|0333330000000330000300000000|3000330000003330000300000000|0000330000033030000300000000|0000000033000000000000000000|0003000033300000000000000000|0000000000000000000000000000|0000000000000000000000000000|0000000000000000000000000000|0000000000000000000000000000|0000000000000000000000000000|0000000000000000000000000000|0000000000000000000000000000|0000000000000000000000000000|0000000000000000000000000000|0000000000000000000000000000|0000000000000000000000000000|0000000000000000000000000000| |0000000000000000000000000000|0000000000000000000000000000|0000000000000000000000000000|0000000000000000000000000000|0000000000000000000000000000|0000000000000000000000000000|0000000000000000000000000000|0000000000000000000000000000|0000000000000000000000000000|0000003300000000030000000000|0000003300000000330000000000|0000003300000003000000000000|0333330000000330000000000000|3330330000000000000330000000|3333330000000000000300000000|0000330030000000000000000000|0003300000000000000000000000|0000000000000000000000000000|0000000000000000000000000000|0000000000000000000000000000|0000000000000000000000000000|0000000000000000000000000000|0000000000000000000000000000|0000000000000000000000000000|0000000000000000000000000000|0000000000000000000000000000|0000000000000000000000000000|0000000000000000000000000000|0000000000000000000000000000|
aa300dc3_0,|5555555555|5550000055|5500000055|5550000005|5000000555|5000005555|5000000005|5005500505|5555555505|5555555555| |5555555555|5550000055|5580000055|5558000005|5000800555|5000085555|5800008005|5005500505|5555555585|5555555555| |5555555555|5550000055|5580000855|5558008005|5000880555|5000885555|5808008005|5085500505|5555555585|5555555555|
e5790162_0,|003000600600|003000600800|333663338880|006000300000|333333880000|003000000000|003000000000|333800000000|000000000000|000000000000| |000000000600|000000630300|000000333380|000000033000|303333380000|003303000000|003000000000|333800000000|003000000000|003000000000| |000000000600|000000600000|000000000080|000000000000|000000080300|000000000300|000000000300|333800008333|000000000000|000000000000|
79fb03f4_0,|00800000008000000000800000|80008080000000000000080000|00810001008000000008000000|00100000000080000000000000|00001100110000000880000000|11111808118008001111181100|00018111111100000000000000|00111118100100000000000008|18100181100181000080000000|11100111001111000000000080|11111111111818111111181111|00101811181110000000008000|08111111811110000000080008|00181111111811000008000000|80001181000181800000000800|08000111001811080008000000|00000081000111000000000080|11111811118181181181111111|81000010111111000000800000|10008001811110000000000008|08100000111810000000080000|00100008111110800000800800|81000111800810080800000000|01008110101018000008000000|00001800010000000000000000|00081111810000008080000080| |11800000008000000000800000|80008080000000000000080000|00800000008000000008000000|00110000000080000000000000|00001100110000000880000000|11111808118008001111181100|00018111111100000000000000|00111118100100000000000008|18100181100181000080000000|11100111001111000000000080|11111111111818111111181111|00101811181110000000008000|08001111811110000000080008|00181111111811000008000000|80000080000080800000000800|08000000000800080008000000|00000080000000000000000080|11111811118181181181111111|80000011100000000000800000|11008001800000000000000008|08000000011810000000080000|00100008011110800000800800|81011111811810080800000000|11018111111118000008000000|00011811110000000000000000|00080000810000008080000080| |00800000008000000000800000|80008080000000000000080000|00800000008000000008000000|00000000000080000000000000|00001111111111000880000000|11111818118118111111180000|00018111111100000000000000|11111118100111000000000008|18100181100181000080000000|11100111001111000000000080|11111111111818111111181100|11101811181110000000008000|08001111811110000000080008|00081111111811000008000000|80001181001181800000000800|08000111001811080008000000|00000080000000000000000080|11111800008080080080000000|80000000011111000000800000|00008000811110000000000008|08000000011810000000080000|00000008011110800000800800|81011111811810080800000000|11018111111118000008000000|00000800010011000000000000|00080000810000118080000080|
94414823_0,|0000000000|0000000000|0055555500|0051199500|0051199500|0059911500|0059911500|0055555500|0900000010|0000000000| |0000000000|0000000000|0055555500|0059911500|0059911500|0051199500|0051199500|0055555500|0900000090|0000000000| |0000000000|0000000000|0055555500|0059911500|0059911500|0051199500|0051199500|0055555500|0100000090|0000000000|
b0722778_0,|88|55|00|88|88|00|77|88| |42|45|00|13|13|00|78|84| |18|18|00|13|13|00|77|44|
fe9372f3_0,|00000000000000000|00000000000000000|00000000000000000|00000000000000000|00000000000000000|00000000000000000|00000000000000000|00000000000000000|00000000000000000|00000000000000000|00000000000000000|00000000000000000|00000000000000000|00000000000000000|00000000000000000|00000000000000000|00000000000000000|00000000000000000|00000000000000000|00000000000000000|00000000000000000|00000000000000000|00000000000000000|00000000000000000|00000000000000000|00000000000000000|00000000000000000|00000000000000000|00000000000000000|00000000000000000| |10004000100000000|01008001000000000|00108010000000000|00012100000000000|48822288488400000|00012100000000000|00108010000000000|01008001000000000|10004000100000000|00008000010000000|00000000000000000|00000000100000000|00000001000000000|00000010000000000|00000000000000000|00000088400000000|00000000000000000|00000010000000000|00000001000000000|00000000100000000|00000000100000000|00000001000000000|00000010000000000|00000000000000000|00000088400000000|00000000000000000|00000010000000000|00000001000000000|00000000100000000|00000000000000000| |10004000100000000|01008001000000000|00108010000000000|00012100000000000|48822288480000000|00012100000000000|00108010000000000|01008001000000000|10004000100000000|00008000010000000|00008000000000080|00004000000000040|00000000000000040|00000000000000000|00000000000000000|00000000000000000|00000000000000000|00000000000000000|00000000000000000|00000000000000000|00000000000000000|00000000000000000|00000000000000000|00000000000000000|00000000000000000|00000000000000000|00000000000000000|00000000000000000|00000000000000000|00000000000000000|
2b01abd0_0,|0000000010000000|0000000010000000|0000000010000000|0000000010200000|0002222010800800|0000000010200200|0022200010008880|0000000010000000|0000000010000000|0000000010000000|0000000010000000|0000000010000000|0000000010000000|0000000010000000| |0000000010000000|0000080010000000|0000080010000000|0000880010080000|0082220010880000|0800220010080000|0820020010222020|0000020010000000|0000080010000000|0000080010000000|0000080010000000|0000080010000000|0000080010000000|0000000000000000| |0000000010000000|0000000010000000|0000000010000000|0008008010200000|0002222010808800|0002002010200200|0022200010008880|0000000010000000|0000000010000000|0000000010000000|0000000010000000|0000000010000000|0000000010000000|0000000010000000|
3979b1a8_0,|5111559159|1191159159|1999159159|1191159159|5111559159|5555599159|9999991159|1111111559|5555555599|9999999991| |1999999999|9955555555|9551111111|9511999999|9519955555|9519551115|9519511911|9519519991|9519511911|9519551115|
8719f442_0,|000050050000000|000050050000000|000005505000000|000000555000000|000000555000000|000000555000000|000000555000000|000000555000000|000000555000000|000555000555050|000555000555050|000555000555505|000000000050050|000000000050000|000000000505500| |000000050000000|000050050000000|000000505000000|000000555000000|000000555000000|000000555000000|000000555000000|000000555000000|000000555000000|000555000555050|000555000555050|000555000555505|000000000050000|000000000050000|000000000505000| |000000050000000|000000050000000|000000505500000|000000555000000|000000555000000|000000555000000|000000555000000|000000555000000|000000555000000|000555000555050|000555000555050|000555000555505|000000000050000|000000000050050|000000000505000|
1e81d6f9_0,|000500000000000|010500000000000|000503000080007|555500600000000|000000000400620|000000900030000|000608700000030|000070072000000|000004000066000|000000008000000|000000000009000|000000009000000|000000000400020|000000000000000|000090000007000| |000500000000000|010500001000000|000503000080007|555500600000000|000000000000620|000000900030000|000108700000030|000070072000000|000000100066000|000000008000000|000000000009000|000000009000000|000000000000020|000100000000000|000090000007000| |000500000000000|010500000000000|000503000080007|555500600000000|000000000400620|000000900030000|000008700000030|000070072000000|000004000066000|000000008000000|000000000009000|000000009000000|000000000400020|000000000000000|000090000007000|
e7dd8335_0,|00000000000|00000000000|00001111000|00010000100|11100000010|22200000020|00020000200|00002222000|00000000000| |00000000000|00000000000|00002222000|00020000200|21200000020|22100000020|00020000200|00002222000|00000000000| |00000000000|00000000000|00002222000|00020000200|22200000020|22200000020|00020000200|00002222000|00000000000|
ac2e8ecf_0,|000333000011111|000303000012201|000333000012201|000011110010031|000011110011111|000011110000000|000000000000000|000000000000000|000000000000000|000001000000000|008201000000000|080001000000000|080001100000200|020800000022222|222281100000200|020001000000200| |000000000000000|220888000222200|200333000022220|000303000000232|000333000000230|000108000000031|001111000110000|001001000010000|001111000010000|000000000010000|220000000110000|220000000000222|220000000000020|000800000000000|110188000000000|100100000000000| |080000000000000|880000000000000|080000000000000|080000000000000|000010010011111|002011110010001|000000000010001|000000000010201|000000000000000|000000000000200|000000000000200|000000000011111|000000000010001|000000010010001|000000010010001|000000010011111|
b20f7c8b_0,|0000000000000000888888|0888280066666000883838|0822880066666000883338|0888280066666000883838|0888880066666000888888|0333880066666000888888|0000000000000000844888|0000000000000000848488|0833880044444000844888|0888880044444000888868|0844480044444000888666|0884880044444000888868|0848480044444000888888|0000000000000000858588|0000000000000000885588|0000000000000000858588|0000000000000000888888|0000000000000000888888| |0000000000000000888888|0222220022222000883838|0222220021112000883338|0222220021122000883838|0222220021222000888888|0222220022222000888888|0000000000000000844888|0000000000000000848488|0666660044444000844888|0666660044444000888868|0666660044444000888666|0666660044444000888868|0666660044444000888888|0000000000000000858588|0000000000000000885588|0000000000000000858588|0000000000000000888888|0000000000000000888888| |0000000000000000222222|0222260033333000222222|0111260033333000222222|0212260033333000222222|0111260033333000222222|0222260033333000222222|0000000000000000222222|0000000000000000222222|0222220022222000444422|0111220028662000444422|0121220028862000444422|0212220028882000444422|0222220022222000444422|0000000000000000222222|0000000000000000222222|0000000000000000222222|0000000000000000222222|0000000000000000222222|
52fd389e_0,|00000000000000000000000000000|00033330000000000000000000000|00034440000000000000000000000|00034410000000000044444000000|00034440000000000043444300000|00033330000000000044434300000|00000000000000000044444300000|00000000000000000033333300000|00000000000000000000000000000|00000000000000000066600000000|00000000000000000066600000000|00000000000000000066600000000|00000000000000000066666600000|00000066666666444400000000000|00000666666664444400000000000|00000644444444446400000000000|00000644446444444400000000000|00000644644444444400000000000|00000644444646666600000000000|00000646464446666600000000000|00000644444446666600000000000|00000666666666666600000000000|00000666666666666600000000000|00000666666666666600000000000|00000666666666666600000000000|00000666666666666600000000000|00000666666666666600000000000|00066666666666666600000000000|00000000000000000000000000000| |00000000000000000000000000000|00033330000000000000000000000|00034440000000000000000000000|00034410000000000044444000000|00034440000000000043444300000|00033330000000000044434300000|00000000000000000044444300000|00000000000000000033333300000|00000000000000000000000000000|00000000000000000000000000000|00000000000000000066666600000|00000000000000000066666600000|00000000000000000066666600000|00000066666646444400000000000|00000666666644444400000000000|00000644444444444400000000000|00000644446444464400000000000|00000644644444444400000000000|00000644444646666600000000000|00000646464446666600000000000|00000644444446666600000000000|00000666666666666600000000000|00000666666666666600000000000|00000666666666666600000000000|00000666666666666600000000000|00000666666666666600000000000|00000666666666666600000000000|00066666666666666600000000000|00000000000000000000000000000| |00000000000000000000000000000|00000000000000000000000000000|00004444000000000000000000000|00004414000000000344444666660|00004444000000000343444666600|00000000000000000344434666000|00000000000000000344444666000|00000000000000000006666666000|00000000000000000006666666000|00000666666666666666666666000|00000666666666666666666666000|00000666666666666666666666000|00000666444444444466666666000|00000666444466444466600000000|00000666444444444466600000000|00000644444444446466600000000|00000644446444444466600000000|00000644644444444466600000000|00000644444646666666600000000|00000646464446666666600000000|00000644444446666666600000000|00000000000000000000000000000|00000000000000000000000000000|00000000000000000000000000000|00000000000000000000000000000|00000000000000000000000000000|00000000000000000000000000000|00000000000000000000000000000|00000000000000000000000000000|
92e50de0_0,|00030803000308030003080300030|00038803000388030003880300030|00030083000300830003008300030|33333333333333333333333333333|00030003000300030803000300030|00030003000300038803000300030|00030003000300030083000300030|33333333333333333333333333333|00030803000308030003080300030|00038803000388030003880300030|00030083000300830003008300030|33333333333333333333333333333|00030003000300030003000300030|00030003000300030003000300030|00030003000300030003000300030|33333333333333333333333333333|00030803000308030003080300030|00038803000388030003880300030|00030083000300830003008300030|33333333333333333333333333333|00030003000300030003000300030|00030003000300030003000300030|00030003000300030003000300030|33333333333333333333333333333|00030803000308030003080300030|00038803000388030003880300030|00030083000300830003008300030|33333333333333333333333333333|00030003000300030003000300030| |00030803000308030003080300030|00038803000388030003880300030|00030083000300830003008300030|33333333333333333333333333333|00030003000300030803000300030|00030003000300038803000300030|00030003000300030083000300030|33333333333333333333333333333|00030803000308030003080300030|00038803000388030003880300030|00030083000300830003008300030|33333333333333333333333333333|00030003000300030003000300030|00030003000300030003000300030|00030003000300030003000300030|33333333333333333333333333333|00030803000308030003080300030|00038803000388030003880300030|00030083000300830003008300030|33333333333333333333333333333|00030003000300030003000300030|00030003000300030003000300030|00030003000300030003000300030|33333333333333333333333333333|00030803000308030003080300030|00038003000380030003800300030|00030003000300030003000300030|33333333333333333333333333333|00030003000300030003000300030| |00030003000300030003000300030|00030003000300030003000300030|00030003000300030003000300030|33333333333333333333333333333|08030003000300030803000300030|88030003000300038803000300030|00830003000300030083000300030|33333333333333333333333333333|00030003000300030003000300030|00030003000300030003000300030|00030003000300030003000300030|33333333333333333333333333333|08030003000300030803000300030|88030003000300038803000300030|00830003000300030083000300030|33333333333333333333333333333|00030003000300030003000300030|00030003000300030003000300030|00030003000300030003000300030|33333333333333333333333333333|08030003000300030803000300030|88030003000300038803000300030|00830003000300030083000300030|33333333333333333333333333333|00030003000300030003000300030|00030003000300030003000300030|00030003000300030003000300030|33333333333333333333333333333|00030003000300030003000300030|
ac3e2b04_0,|002000000002000000|033300000002000000|132300001112100000|033300000002000000|002000000002000000|002000000002000000|002000000002000000|002000000002000000|002000000002000000|002000000002000000|002000000002000000|002000000033300000|112100001132300000|002000000033300000|002000000002000000|002000000002000000| |002000000002000000|033300100001000001|132311120002000021|033300100001000001|002000000002000000|002000000002000000|002000000002000000|002000000002000000|002000000002000000|002000000002000000|002000000002000000|011000001033300101|112000021132311121|011000001033300101|002000000002000000|002000000002000000| |002000000002000000|033300101011100101|132311121112111121|033300101011100101|002000000002000000|002000000002000000|002000000002000000|002000000002000000|002000000002000000|002000000002000000|002000000002000000|011100101033300101|112111121132311121|011100101033300101|002000000002000000|002000000002000000|
ed98d772_0,|660006|660660|006660|600066|066066|066600| |660006|660600|006600|600066|006066|066600| |660666|660660|006660|600066|066666|066660|
ae58858e_0,|00002220|66000000|06600660|06000660|00000000|20220002| |00002220|66000000|06600220|06000220|00000000|20220002| |00006660|66000000|06600660|06000660|00000000|20220002|
47996f11_0,|544811558513838888383158551184|488811585137388228837315851188|485255221321883883881231225525|882558233718828888288173328552|115512438388729559278838342155|115822343882275995722883432285|552243778838954334598388773422|582334778288593333958828774332|851383882157452222547512883831|513738821571552992551751288373|132188385799225555229975838812|371882887194295555924917882881|838872954522435775342254592788|388227595529317337139255957228|883895432255571771755522345983|828859332955737117375592339588|828859332955737117375592339588|883895432255571771755522345983|388227595529317337139255957228|838872954522435775342254592788|371882887194295555924917882881|132188385799225555229975838812|513738821571552992551751288373|851383882157452222547512883831|582334778288593333958828774332|552243778838954334598388773422|115822343882275995722883432285|115512438388729559278838342155|882558233718828888288173328552|485255221321883883881231225525| |544811558513838888383158551184|488811585137388228837315851188|485255221321883883881231225525|882558233718828888288173328552|115512438388729559278838342155|115822343882275995722883432285|552243778838954334598388773422|582334778288593333958828774332|851383882157452222547512883831|513738821571552992551751288373|132188385799225555229975838812|371882887194295555924917882881|838872954522435775342254592788|388227595529317337139255957228|883895432255571771755522345983|828855332955737117375592339588|828855332955737117375592339588|883895432255571771755522345983|388227595529317337139255957228|838872954522435775342254592788|371882887194295555924917882881|132188385799225555229975838812|513738821571552992551751288373|851383882157452222547512883831|582334778288593333958828774332|552243778838954334598388773422|115822343882275995722883432285|115512438388729559278838342155|882558233718828888288173328552|485255221321883883881231225525| |544811558513838888383158551184|488811585137388228837315851188|485255221321883883881231225525|882558233718828888288173328552|115512438388729559278838342155|115822343882275225722883432285|552243778838954334598388773422|582334778288593333958828774332|851383882157452222547512883831|513738821571552992551751288373|132188385799225555229975838812|371882887194295555924917882881|838872954522435775342254592788|388227595529317337139255957228|883895432255571771755522345983|828859332955737117375592339588|828859332955737117375592339588|883895432255571771755522345983|388227595529317337139255957228|838872954522435775352254592788|371882887194295555925917882881|132188385799225555229975838812|513738821571552992551751288373|851383882157452222547512883831|582334778288593333958828774332|552243778838954334598388773422|115822343882275995722883432285|115512438388729559278838342155|882558233718828888288173328552|485255221321883883881231225525|
ff72ca3e_0,|00000000000000000000|00000000000000000000|00000000000000000000|00000002200000000000|00000222200000000000|00000202200000000000|00000222200000000000|00000002200000500000|00000000000000000000|00000000000000000000|00000000000000000000|00050000000000000000|00000000000000000000|00000000000000000000|00000000000000222000|00000000000000242000|00000000000000222050|00000000000002222200|00000000000000000000|05000000500000500000|00000000000000000000|00000000000000000000|00000000000000000000|00000002000000000000|00022222000000000000|00022422000000000000|00022222000000000000|05022222000000050000|00000000000000000000|00000000000000000000| |00000000000000000000|00000000000000000000|00000000000000050000|00000000000000000000|00000222000000000000|00000242200000000000|00000222200000000000|00000222200000500000|00000000000000000000|00000000000000000000|00000000000000000000|00050000000000000000|00000000000000000000|00000000000000000000|00000000000000222000|00000000005000242000|00000000000000222050|00000000000002222200|00000000000000000000|05000000500000500000|00000000000000000000|00000000000000000000|00000000000000000000|00000002000000000000|00022222000000000000|00022422000000000000|00022222000000000000|05022222000000050000|00000000000000000000|00000000000000000000| |00000000000000000000|00000000000000000000|00000000000000000000|00002002000000000000|00002222002202000000|00002242200000000000|00002222222222222220|00002222200000500000|00000000000000000000|00000000000000000000|00000000000000000000|00000000000000000000|00000000000000000000|00000000000002222200|00000000000002222200|00000000005002202000|00000000000002222000|00000000000000000000|00000000000000000000|00000000000000000000|00000000000000000000|00000000000000000000|00000000000000000000|00002002000000000000|00002222000000000000|00022422000000000000|00002222000000000000|00002002000000000000|00000000000000000000|00000000000000000000|
12eac192_0,|03033303|33000330|03300003|11050300|01055503|03003007|30100037|00110307| |03033303|31000110|07700005|31030300|01033301|07003007|30100011|00330307| |03033303|33000330|03300003|33050300|03055503|03003003|30300033|00330303|
1d0a4b61_0,|1111111111111111111111111|1281551821281551821281551|1521881251521881251521881|1111111111111111111111111|1851221581851221581851221|1851221581851221581851221|1111111111111111111111111|1521881251521881251521881|1281551821281551821281551|1111111111111111111111111|1281551821281551821281551|1521881251521881251521881|1111111111111111111111111|1851221581851221581851221|1851221581851221581851221|1111111111111111111111111|1521881251521881251521881|1281551821281551821281551|1111111111111111111111111|1281551821281551821281551|1521881251521881251521881|1111111111111111111111111|1851221581851221581851221|1851221581851221581851221|1111111111111111111111111| |1111111111111111111111111|1281551821281551821281551|1521881251521881251521881|1111111111111111111111111|1851221581851221581851221|1851221581851221581851221|1111111111111111111111111|1521881251521881251521881|1281551521281551821281551|1111111111111111111111111|1281551281281551821281551|1521881521521881251521881|1111111111111111111111111|1851281281281221581851281|1851221521851221581851521|1111111111111111111111111|1521881251581281251521281|1281551821221521821281521|1111111111111111111111111|1281551821281281821281551|1521881251521521251521881|1111111111111111111111111|1851221581851221581851221|1851221581851221581851221|1111111111111111111111111| |1111111111111111111111111|1281551821281551821281551|1521881251521881251521881|1111111111111111111111111|1851221581851221581851221|1851221581851221581851221|1111111111111111111111111|1521881251521881251521881|1281551521281551821281551|1111111111111111111111111|1281551281281551821281551|1521881521521881251521881|1111111111111111111111111|1851251281551221581851551|1851281521851221581851881|1111111111111111111111111|1521881251551281251521551|1281551821281521821281881|1111111111111111111111111|1281551821251281821281551|1521881251581521251521881|1111111111111111111111111|1851221581851221581851221|1851221581851221581851221|1111111111111111111111111|
456873bc_0,|8222082020800000800|2000020000800000000|2002020020800000000|2020020020800002000|0000000000000000000|8222000000000000000|2000000000000000000|0000000000000000000|2022000000000000000|0000000000000000000|0000000000000000000|0000000000000000000|0000000000000000000|0000000000000000000|0000000000000000000|0000000000000000800|0000000000000000000|0000000000000000000|0000000000000002000| |8222082220822202222|2000020000200002000|2002020020200202002|2022020220202202022|0000000000000000000|2222000000000000000|2000000000000000000|2002000000000000000|2022000000000000000|0000000000000000000|0000080020820002222|0000000200200002220|0002002000000202202|0022020000002202022|0000000000000000000|2222000000222202222|2000000000200002000|2002000000200202002|2022000000202202022| |8200080000000000000|2000020000000000000|0002020000000000000|0002000200000000000|0000000000000000000|8222000000000000000|0000000000000000000|0002000000000000000|0000000000000000000|0000000000000000000|0000000000000000000|0000000000000000000|0000000000000000000|0000000000000000000|0000000000000000000|0000000000000008000|0000000000000000000|0000000000000000000|0000000000000000000|
2037f2c7_0,|800000008|880000888|800000008| |000000008|000000008|000000008| |000000000|000000000|000000000|
281123b4_0,|9484|8499|8449|9998| |9885|4499|8459|9998| |9484|4499|8449|9998|
7c8af763_0,|5155555515|1151151112|1151112112|5555155215|2122221122|1252252222|2555255125|2211121111|2251251211|5255551551| |5155555515|1151151111|1151111111|5555155215|2221122211|2252151111|2555255125|2212121111|2252151111|5255551551| |5155555515|1151151111|2151111111|5555155215|2122122211|1252251122|2555255125|1112222122|1152251111|5255551551|
fb791726_0,|90000000|33333333|90000000|00000000|00009000|33333333|00009000|00000000| |90000000|33333333|90000000|30003000|00009000|33993333|00009000|30003000| |90000000|03333333|90000000|00000000|00009000|33333333|00009000|00000000|
4acc7107_0,|0000000000|0000000000|0000000000|0000002000|0000000000|0000000000|0202320000|0002223000|3222223200|0000000000| |0000000000|0000000000|0000000000|0000000000|2220000000|3333322200|0000000000|2222033000|2222033303|0222033330| |0000000000|0000000000|0000000000|0000000000|0000000000|2200000000|2000000000|0000000000|2000222000|2202233000|
b7f8a4d8_0,|000000000000000000000000000000|044444004444400444440044444004|043334334222433422243343334004|043334334222433422243343334004|043334334222433422243343334004|044444004444400444440044444004|003330000000000000000003330000|003330000000000000000003330000|044444004444400444440044444004|042224004888488488840042224004|042224004888488488840042224004|042224004888488488840042224004|044444004444400444440044444004|003330000888000088800003330000|003330000888000088800003330000|044444004444400444440044444004|043334334222433422243343334004|043334334222433422243343334004|043334334222433422243343334004|044444004444400444440044444004|000000000888000088800000000000|000000000888000088800000000000|044444004444400444440044444004|042224004888488488840042224004|042224004888488488840042224004|042224004888488488840042224004|044444004444400444440044444004|000000000000000000000000000000|000000000000000000000000000000|044444004444400444440044444004| |000000000000000000000000000000|044444004444400444440044444004|043334334222433422243343334004|043334334222433422243343334004|043334334222433422243343334004|044444004444400444440044444004|000000000000000000000003330000|000000000000000000000003330000|044444004444400444440044444004|042224004888488488840042224004|042224004888488488840042224004|042224004888488488840042224004|044444004444400444440044444004|000000000888000088800003330000|000000000888000088800003330000|044444004444400444440044444004|043334334222433422243343334004|043334334222433422243343334004|043334334222433422243343334004|044444004444400444440044444004|000000000888000088800000000000|000000000888000088800000000000|044444004444400444440044444004|042224004888488488840042224004|042224004888488488840042224004|042224004888488488840042224004|044444004444400444440044444004|000000000000000000000000000000|000000000000000000000000000000|044444004444400444440044444004| |000000000000000000000000000000|044444004444400444440044444004|043334004222400422240043334004|043334004222400422240043334004|043334004222400422240043334004|044444004444400444440044444004|003330000000000000000003330000|003330000000000000000003330000|044444004444400444440044444004|042224004888488488840042224004|042224004888488488840042224004|042224004888488488840042224004|044444004444400444440044444004|003330000888000088800003330000|003330000888000088800003330000|044444004444400444440044444004|043334334222433422243343334004|043334334222433422243343334004|043334334222433422243343334004|044444004444400444440044444004|000000000888000088800000000000|000000000888000088800000000000|044444004444400444440044444004|042224004888488488840042224004|042224004888488488840042224004|042224004888488488840042224004|044444004444400444440044444004|000000000000000000000000000000|000000000000000000000000000000|044444004444400444440044444004|
e2092e0c_0,|073500000003540|103520100008000|100560099050009|555500210030000|300318505200000|409200102000000|002000954000055|070005575555501|000007375000700|000000595055500|000000503457302|022000000010300|005222505010520|003005470000035|800171080820004| |073500000003540|103520100008500|000050009000009|555500210030050|300318555200500|409200102000000|002005554080055|050505500010001|000307370500750|000000050005000|000030003407302|052000050010300|005222000010020|003005470000035|800171080820004| |003500000003540|153520100008000|100560599050009|555500215530000|300315555200500|409200152000000|002000954080055|000005555510001|000307375500000|000000094005000|000038053457302|022000850110300|005222500510020|003005478050035|800171080820004|
8fbca751_0,|222000000088|222002000800|222002208000|022000208888|888882202000|080882882000|008082280000|000882282000| |000000000000|022222000800|022222208220|000000208888|882880000000|280882880200|228082280220|022882280000| |222222222000|222222222800|222222228220|222222228888|882882222222|282882882222|228282282222|222882282222|
705a3229_0,|0000000000005000|0000000000005333|0000000000005833|0000000000000000|0000000000000000|0000000000000000|0000060000000000|0000000000000000|0000000000050000|0000000000050000|0000000000050000| |0000000000000300|0000000000000300|0000000000000333|0000000000000000|0000000000000000|0000000000000000|0000660000000000|0000060000000000|0000000000050000|0000000000050000|0000000000050000| |0000080000030300|0000080000030333|0888880000030333|0000000000000000|0000000000000000|0000000000000000|6666660000000555|0000060000050500|0000060000050500|0000060000050500|0000000000000500|
d282b262_0,|000000000000000|000000000080000|000000000062525|000000000000500|000000000000200|000000000000525|000000000000252|000000000000000|000000000000000|000000000000035|000000000084848|000000000000484|000000000000848|000000000000017|000000000000001| |000000000000000|000000000000000|000000000002525|000000008455252|000000004822525|000000002155252|000000000002525|000000000000000|000000000000000|000000000000000|000000000000084|000000000000048|000000000000084|000000000000000|000000000000000| |000000000000000|000000000000000|000000000000000|000000000000000|000000000000000|000000000000000|000000000000000|000000000000000|000000000000000|000000000000000|000000000000000|000000000000000|000000000000000|000000000000000|000000000000000|
16b78196_0,|000000000333333300000000000000|000000000333333300000000000000|000000000033333000000000000000|000000000003333300000000000000|000000000333333300000000000000|000000000333333300000000000000|000000000033333300000000000000|000000000333333300000000000000|000000000333333300000000000000|000066660333333300000000000000|060046660333333300000000000000|066048660333333000000000000000|066688860333333000000000000000|066668880033333000000000000000|000066880033333300000000000000|000066000333333300000000000000|000066000333333300000000000000|000000000333333000000000000000|000000000033333000000000000000|000000000003333300000000000000|000000000033333300000000000000|000000000333333300000000000000|000000000333333300000000000000|000000000333333300000000000000|000000000033333300000000000000|000000000333333300000000000000|000000000333333300000000000000|000000000333333000000000000000|000000000333333300000000000000|000000000333333300000000000000| |000000000333333300000000000000|000000000333333300000000000000|000000000033333000000000000000|000000000003333300000000000000|000000000333333300000000000000|000000000333333300000000000000|000000000033333300000000000000|000000008333333300000000000000|000080008333333300000000000000|000000000333333300000000000000|000000000333333300000000000000|000000008333333000000000000000|000080000333333000000000000000|060886668833333000000000000000|000000000033333300000000000000|000000000333333300000000000000|000000000333333300000000000000|000000000333333000000000000000|000000000033333000000000000000|000000000003333300000000000000|000000000033333300000000000000|000000000333333300000000000000|000000000333333300000000000000|000000000333333300000000000000|000000000033333300000000000000|000000000333333300000000000000|000000000333333300000000000000|000000000333333000000000000000|000000000333333300000000000000|000000000333333300000000000000| |000000000333333300000000000000|000000000333333300000000000000|000000000033333000000000000000|000000000003333300000000000000|000000000333333300000000000000|000000000333333300000000000000|000000000033333300000000000000|000000000333333300000000000000|000000000333333300000000000000|000000000333333300000000000000|000000000333333300000000000000|000000000333333000000000000000|000000000333333000000000000000|000000000033333000000000000000|000000000033333300000000000000|000000000333333300000000000000|000000000333333300000000000000|000000000333333000000000000000|000000000033333000000000000000|000000000003333300000000000000|000000000033333300000000000000|000000000333333300000000000000|000000000333333300000000000000|000000000333333300000000000000|000000000033333300000000000000|000000000333333300000000000000|000000000333333300000000000000|000000000333333000000000000000|000000000333333300000000000000|000000000333333300000000000000|
136b0064_0,|0000000|0000000|0000000|0000000|0000000|0000000|0000000|0000400|0030300|0040400|0060400|0000000|0000000|0000000|0000000|0000000|0000000|0000000|0000000| |0005000|0002400|0002100|0001100|0000100|0003300|0004400|0000000|0000400|0004000|0003300|0006000|0006100|0000000|0000000|0000000|0000000|0000000|0000000| |0000000|0000000|0000000|0000000|0000000|0000000|0000000|0000000|0030300|0000000|0060600|0000000|0000000|0000000|0000000|0000000|0000000|0000000|0000000|
73ccf9c2_0,|008800|080080|888888|808808| |008800|008800|088080|088888|088880|008000|000000| |008800|008888|080888|088888|888880|808800|008000|
981571dc_0,|193599394426333663336244939953|935597354622333443332264537955|355933992226333663336222993395|559595956262646116462626595959|993918893336421441246333988193|973585813334222442224333185853|339988593336122442216333958899|959591996461444994441646991959|442633367558366666638557633362|462233345551694334961555433322|222633365575644994465755633362|626264618158639449368518164626|333642143666182882816663412463|333422246943862222683496422243|333612246449222882229446422163|646144496394828668284936944416|646144496394828668284936944416|333612246449222882229446422163|333422246943862222683496422243|333642143666182882816663412463|626264618158639449368518164626|222633365575644994465755633362|462233345551694334961555433322|442633367558366666638557633362|959591996461444994441646991959|339988593336122442216333958899|973585813334222442224333185853|993918893336421441246333988193|559595956262646116462626595959|355933992226333663336222993395| |193599394426333663336244939953|935597354622333443332264537955|355933992226333663336222993395|559595956262646116462626595959|993918893336421441246333988193|973585813334222442224333185853|339988593336122442216333958899|959591996461444994441646991959|442633367558366666638557633362|462233345551694334961555433322|222633365575644994465755633362|626264618158639449368518164626|333642143666182882816663412463|333422246943862222683496422243|333612246449222882229446422163|646144496394828668284936944416|646144496394828668284936944416|333612246449222882229446422163|333422246943862222683496422243|333642143666182882816663412463|626264618158639449368518164626|222633365575644994465755633362|462233345551694334961555433322|442633367558366666638557633362|959591996461444994441646991959|339988593336122442216333958899|973585813334222442224333185899|993918893336421441246333988999|559595956262646116462626599999|355933992226333663336222999999| |193599394426333663336244939953|935597354622333443332264537955|355933992226333663336222993395|559595956262646116462626595959|993918893336421441246333988193|973585813334222442224333185853|339988593336122442216333958899|959591996461444994441646991959|442633367558366666638557633362|462233345551694334961555433322|222633365575644994465755633362|626264618158639449368518164626|333642143666182882816663412463|333422246943862222683496422243|333612246449222882229446422163|646144496394828668284936944416|646144496394828668284936944416|333612246449222882229446422163|333422246943862222683496422243|333642143666182882816663412463|626264618158639449368518164626|222633365575644994465755633362|462233345551694334961555433322|442633367558366666638557633362|959591996461444994441646991959|339988593336122442216333958899|973585813334222442224333185859|993918893336421441246333988199|559595956262646116462626595999|355933992226333663336222999999|
50aad11f_0,|0110|1100|0111|0001|7000|7777|7000|7700|3330|3033|3000|3330| |0110|1100|0111|0007|7000|7777|7000|7700|7770|7077|3000|3330| |0110|7100|0117|0003|7000|7763|7000|7700|7730|3063|3000|3330|
c35c1b4c_0,|0066660660|2606996026|2669999066|2009999602|9999999999|9999999999|0099999900|2999999996|0029069026|6002060662| |0066660660|2606996026|2669999066|2009999602|9999999999|9999999999|0099999900|2999999926|0029069020|6002060660| |0066660660|2606906026|2669999066|2009999602|9999999999|9999999999|0099999900|2999999996|0029069020|6002060602|
aa18de87_0,|006222226|062622260|622262600|000006000| |006222000|062622200|622262600|000006000| |006222000|062622200|622262600|000000000|
642248e4_0,|000000000000000000|000000000000000000|000000000000000000|000000000000000000|000000000000000000|000000000000000000|000000000000000000|000000000000000000|000000000000000000|000000000000000000|000000000000000000|000000000000000000|000000000000000000|000000000000000000|000000000000000000|000000000000000000| |208000000000000188|221000000010000008|200000000000000008|200210000000000008|200000000000000008|200000800001800008|200002100000000008|200000000000000008|200000021000000008|200000000000000008|200210000000000008|200800000000001808|200000000018000008|200000000000000008|202100000000000188|200000000000000008| |200000000088008188|221000000010000808|200000000880000008|200010000000000008|200000000008800008|200000000001800008|200000100008000008|200000000800000008|200000001000000008|200000000000000008|200010000000000008|200000000800001008|200000000810000008|200000000000000008|202100000000000108|200000000000008008|
31adaf00_0,|5000505050|5005055000|5505500550|5111000500|5111550005|0111005511|0055005511|5050505015|0550500555|0005550000| |5010505150|5005055000|5505500550|5000101500|5001550005|0010105500|0155005500|5050505005|0550500555|0005550000| |5000505050|5005055100|5515500551|5111011510|5110550005|1110105511|0055015511|5050515115|0551501555|0005551100|
ef26cbf6_0,|6004000|0604060|6604000|4444444|0024000|0224020|2004000|4444444|8804000|0804080|8884000| |1004000|0104060|1104000|4444444|0014000|0114020|1004000|4444444|1104000|0104080|1114000| |1004000|0104080|1104000|4444444|0014000|0114020|1004000|4444444|1104000|0104060|1114000|
695367ec_0,|000004000004000|000004000004000|000004000004000|000004000004000|000004000004000|444444444444444|000004000004000|000004000004000|000004000004000|000004000004000|000004000004000|444444444444444|000004000004000|000004000004000|000004000004000| |000400000400000|000400000400000|000400000400000|444444444444444|000400000400000|000400000400000|000400000400000|000400000400000|000400000400000|444444444444444|000400000400000|000400000400000|000400000400000|000400000400000|000400000400000| |000004000004000004|000004000004000004|000004000004000004|000004000004000004|000004000004000004|444444444444444444|000004000004000004|000004000004000004|000004000004000004|000004000004000004|000004000004000004|444444444444444444|000004000004000004|000004000004000004|000004000004000004|000004000004000004|000004000004000004|444444444444444444|
11e1fe23_0,|00000000000000|00000000000000|00030000000800|00003000000000|00000000000000|00000000500000|00000005000000|00000000000000|00000000000000|00009000000000|00090000000000|00000000000000| |00000000000000|00000000000000|00030000000800|00000000000000|00000300080000|00000000500000|00000005000000|00000050000000|00000900000000|00000000000000|00090000000000|00000000000000| |00000000000000|00000000000000|00000000000000|00000000000000|00000000000000|00000050000000|00000005000000|00000000000000|00000000000000|00000000000000|00000000000000|00000000000000|
c8b7cc0f_0,|222|200|000| |222|000|200| |222|200|200|
cad67732_0,|00000000000000004866|00000000000000006486|00000000000000486640|00000000000000648600|00000000000048664000|00000000000064860000|00000000004866460000|00000000006486860000|00000000686646000000|00000000668686000000|00000048666600000000|00000064868600000000|00004866460000000000|00006486860000000000|00486646000000000000|00648686000000000000|48664000000000000000|64860000000000000000|66400000000000000000|86000000000000000000| |00000000000000000066|00000000000000000486|00000000000000006640|00000000000000048600|00000000000000664000|00000000000004860000|00000000000066400000|00000000000486000000|00000000006640000000|00000000068600000000|00000000666000000000|00000004860000000000|00000066400000000000|00000486000000000000|00006640000000000000|00048600000000000000|00664000000000000000|04860000000000000000|66400000000000000000|86000000000000000000| |00000000660000000000|00000004868000000000|00000066400800000000|00000486000080000000|00006640000008000000|00048600000000800000|00664000000000060000|04860000000080006000|66400000000000000600|86000000008000000060|06000000000000000066|00600000800000000486|00060000000000006640|00006080000000048600|00000600000000664000|00000080000004860000|00000008000066400000|00000000800486000000|00000000086640000000|00000000008600000000|
b942fd60_0,|000803287003|000000200000|006000260000|202202600072|007303200006|007303287230|000300200600|007300207303|008300780600|000303200000| |000888807003|000000800000|006666860000|222222800070|000000800006|000333880000|000000800600|007777800003|008888800600|000003800000| |000888807003|000000800000|006666860000|000000000000|000000800000|000333880000|000000800600|000077800000|008888800000|000000800000|
4364c1c4_0,|8888888888888|8188188888888|8111188888888|8111188888888|8222288888888|8888888888888|8888888888888|8888888888888|8888888888888|8888822288888|8888822288888|8888844488888|8888884488888|8888888888888| |8888888888888|8888888888888|8881188888888|8881188888888|8882288888888|8888888888888|8888888888888|8888888888888|8888888888888|8888888288888|8888888288888|8888888488888|8888888888888|8888888888888| |8888888888888|8888484888888|8888444888888|8888222888888|8888222888888|8888888888888|8888888888888|8888888888888|8888888888888|8888888222288|8888888111188|8888888111188|8888888118188|8888888888888|
8a371977_0,|111111111111111111111111111111|122221122221122221122221122221|122221122221122221122221122221|122221122221122221122221122221|122221122221122221122221122221|111111111111111111111111111111|111111111111111111111111111111|122221133331133331133331122221|122221133331133331133331122221|122221133331133331133331122221|122221133331133331133331122221|111111111111111111111111111111|111111111111111111111111111111|122221133331133331133331122221|122221133331133331133331122221|122221133331133331133331122221|122221133331133331133331122221|111111111111111111111111111111|111111111111111111111111111111|122221133331133331133331122221|122221133331133331133331122221|122221133331133331133331122221|122221133331133331133331122221|111111111111111111111111111111|111111111111111111111111111111|122221122221122221122221122221|122221122221122221122221122221|122221122221122221122221122221|122221122221122221122221122221|111111111111111111111111111111| |111111111111111111111111111111|122221122221122221122221122221|122221122221122221122221122221|122221122221122221122221122221|122221122221122221122221122221|111111111111111111111111111111|111111111111111111111111111111|122221133331122221122221122221|122221133331122221122221122221|122221133331122221122221122221|122221133331122221122221122221|111111111111111111111111111111|111111111111111111111111111111|122221122221122221122221122221|122221122221122221122221122221|122221122221122221122221122221|122221122221122221122221122221|111111111111111111111111111111|111111111111111111111111111111|122221122221122221122221122221|122221122221122221122221122221|122221122221122221122221122221|122221122221122221122221122221|111111111111111111111111111111|111111111111111111111111111111|122221122221122221122221122221|122221122221122221122221122221|122221122221122221122221122221|122221122221122221122221122221|111111111111111111111111111111| |111111111111111111111111111111|122211121221122211121221111111|122211121221122211121221111111|122211121221122211121221111111|111111111111111111111111111111|111111111111111111111111111111|111111111111111111111111111111|122211133331133331133331111111|111111133331133331133331111111|122211133331133331133331111111|122211133331133331133331111111|111111111111111111111111111111|111111111111111111111111111111|122211133331133331133331111111|122211133331133331133331111111|122211133331133331133331111111|111111133331133331133331111111|111111111111111111111111111111|111111111111111111111111111111|122211133331133331133331111111|111111133331133331133331111111|122211133331133331133331111111|122211133331133331133331111111|111111111111111111111111111111|111111111111111111111111111111|111111111111111111111111111111|111111111111111111111111111111|111111111111111111111111111111|111111111111111111111111111111|111111111111111111111111111111|
5b6cbef5_0,|0000020200000202|0000220200002202|0000220000002200|0000000200000002|0202020200000202|2202220200002202|2200220000002200|0002000200000002|0202020200000000|2202220200000000|2200220000000000|0002000200000000|0000000000000202|0000000000002202|0000000000002200|0000000000000002| |0000020200000202|0000220200002202|0000220000002220|0000000200000002|0202020200000202|2202220200002202|2200220000002220|0022000200000002|0202020200000000|2202220200000000|2200220000000000|0022000200000000|0000000000000202|0000000000002202|0000000000002220|0000000000000002| |0000000000000000|0000000000000000|0000000000000000|0000000000000002|0200000000000002|2200000000000002|2200000000000000|0000000000000002|0200000000000000|2200000000000000|2200000000000000|0000000000000000|0000000000000002|0000000000000002|0000000000000000|0000000000000002|
c1990cce_0,|00000000200000000|00000002020000000|00000020102000000|00000201010200000|00002010101020000|00020001010102000|00201000101010200|02010100010101020|20101010001010102|01010101000101010|00101010100010101|00010101010001010|00001010101000101|00000101010100010|00000010101010001|00000001010101000|00000000101010100| |00000000200000000|00000002020000000|00000020002000000|00000201000200000|00002000100020000|00020001000002000|00200000000000200|02010101010000020|20000000101000002|00010101000100000|10000000001000001|01000001000101000|00100000100010000|01010001000100000|00000000000000000|01010100000001000|00000000000000000| |00000000200000000|00000002020000000|00000020102000000|00000201010200000|00002010101020000|00020001010102000|00201000101010200|02010100010101020|20101010001010102|01010101000101000|00101010100010100|00010101010001010|10001010101000101|01000101010100010|10100010100010001|01010001010001000|00101000001000100|
27f8ce4f_0,|000000967|000000877|000000287|000967967|000877877|000287287|000000967|000000877|000000287| |967967000|877877000|287287000|967000000|877000000|287000000|000000000|000000000|000000000| |000000000|000000000|000000000|967967000|877877000|287287000|000967000|000877000|000287000|
c658a4bd_0,|333333333|366666663|362228663|368888663|368224663|368488663|366666663|366666663|333333333| |333333333|366666663|368888863|368444863|368828863|368248863|368288863|366666663|333333333| |333333333|366666663|368888863|368444863|368222263|368244863|368288863|366666663|333333333|
af22c60d_0,|885989585655225665225565859895|899889856656252662526566589889|599999855525622222265255589999|989998985656622222266565898999|889988892266256226526622988899|999885892522525665252252985889|588988555222652662562225558898|855899596622266666622266959985|565522561722117227112271652255|665625267117117227117117625265|552562222127711771177212222652|565662222777277227727772222665|226625621172177777712711265266|252252561117711221177111652522|522265267717711221177177625622|662226662272722112272722666222|662226662272722112272722666222|522265267717711221177177625622|252252561117711221177111652522|226625621172177777712711265266|565662222777277227727772222665|552562222127711771177212222652|665625267117117227117117625265|565522561722117227112271652255|855899596622266666622266959985|588988555222652662562225558898|999885892522525665252252985889|889988892266256226526622988899|989998985656622222266565898999|599999855525622222265255589999| |885989585655225665225565859895|899889856656252662526566589889|599999855525622222265255589999|989998985656622222266565898999|889988892266256226526622988899|999885892522525665252252985889|588988555222652662562225558898|855899596622266666622266959985|565522561722117227112271652255|665625267117117227117117625265|552562222127711771177212222652|565662222777277227727772222665|226625621172177777712711265266|252252561117711221177111652522|522265267717711221177177625622|662226662272722112272722666222|662226662272722112272722666222|522265267717711221177177625622|252252561117711221177111652522|226625621172177777712711265266|565662222777277227727772222665|552562222127711771177212222652|665625267117117227117127625265|565522561722117227112271652255|855899596622266666622266659985|588988555222652662562225558898|999885892522525665252252985889|889988892266256226526622988899|989998985656622222266565898999|599999855525622222265255589999| |885989585655225665225565859895|899889856656252662526566589889|599999855525622222265255589999|989998985656622222266565898999|889988892266256226526622988899|999885892522525665252252985889|588988555222652662562225558898|855899596622266666622266959985|565522561722117227112271652255|665625267117117227117117625265|552562222127711771177212222652|565662222777277227727772222665|226625621172177777712711265266|252252561117711221177111652522|522265267717711221177177625622|662226662272722112272722666222|662226662272722112272722666222|522265267717711221177177625622|252252561117711221177111652522|226625621172177777712711265266|565662222777277227727772222665|552562222127711771177212222652|665625267117117227117187625265|565522561722117227112271652255|855899596622266666622266959985|588988555222652662562225558898|999885892522525665252252985889|889988892266256226526622988899|989998985656622222266565898999|599999855525622222265255589999|
aab50785_0,|357787|122876|828386|311192|079929|044863|938086|008020| |496240|048000|587844|048004|582644|084000|108680|059002| |000000|000000|040040|004400|084410|080446|084400|089600|
ed74f2f2_0,|220|222|202| |110|111|101| |111|111|101|
c7d4e6ad_0,|0000000000|0000000000|2000220200|2002222200|3003000000|3003330000|3000030000|4004444000|7007770000|0000000000| |0773334440|0000000000|0000000000|0000330000|0003300040|0773334440|0000000000|0000000000|0000000000|0000000000| |0000000000|0000000000|7000070000|7000070000|7007770000|3003000000|3003000000|3003333000|3000003000|0000000000|
351d6448_0,|3332222222200|0333202220020|0035000200052| |3222222000000|0022202000000|0002000000000| |0000000000000|0000000000000|0000000000000|
69889d6e_0,|0000000000|0000000002|0000000020|0000000202|0000002120|0000022200|0001122000|0022220000|0220000000|0200000000| |0000000000|0000000000|0000000000|0000000100|0000000100|0000102000|0001120000|0022200000|0220000000|0200000000| |0000000000|0000000000|0000000000|0000000002|0000000122|0000002220|0001122000|0022220000|0220000000|0200000000|
692cd3b6_0,|000000000000000|000000000222000|000000000254400|000000000222440|000004444444440|000004444444440|000004444444440|000004444444440|000004444444440|000004444444440|002220000444440|000524000444440|002220000000000|000000000000000|000000000000000| |000000000000000|000000000222400|000200000254400|000000000222400|000000000444400|000044444444400|000044444444400|000044444444400|000044444444400|000044444444400|002244444444400|000524444444400|002220000222400|000000000000000|000000000000000| |004444444444400|004444444222400|004444444254400|004444444222400|004444444444400|000444444444400|000444444440400|000444444400400|000444444400400|000444444422400|002224444444400|000524444444500|002220000004400|000000000000000|000000000000000|
8e2edd66_0,|000000001|000000101|000000010|001000001|101000101|010000010|000001000|000101000|000010000| |000000001|000000100|000000000|001000000|100000100|000000000|000000000|000100000|000000000| |000000001|000000101|000000000|001000001|101000101|010000010|000001000|000101000|000010000|
b4a43f3b_0,|010000010000000000|303000303000000000|020000020000000000|000000010000000000|000000303000000000|000000020000000000|010010010010010010|303303303303303303|020020020020020020|000000010000000000|000000303000000000|000000020000000000|000000010000000000|000000303000000000|000000020000000000|000000010000000000|000000303000000000|000000020000000000| |000000000000000000|000000000000000000|000000000000000000|000200000200000000|000113000113000000|000004000004000000|000000200200000000|000000113113000000|000000004004000000|000000000200000000|000000000113000000|000000000004000000|000000000200000000|000000000113000000|000000000004000000|000000000000000000|000000000000000000|000000000000000000| |000000000000000000|000000000000000000|000000000000000000|000000400000000000|000000311000000000|000000002000000000|000000400000000000|000000311000000000|000000002000000000|000000400400000000|000000311311000000|000000002002000000|000000400000400000|000000311000311000|000000002000002000|000000000000000000|000000000000000000|000000000000000000|
62b74c02_0,|38833333333383|21122222222212|13311111111131|21122222222212| |38323333333338|21212222222221|13121111111113|21212222222221| |38833333333883|21122222222112|13311111111331|21122222222112|
4cd1b7b2_0,|4123|2314|3241|1432| |4123|2312|3241|1432| |3123|2314|3241|1432|
e74e1818_0,|000000000000000|000002000200000|000222020222000|002002000200200|000000030000000|000000000000000|000003000300000|000033333330000|000044404440000|000040404040000|000444404444000|008888888888800|000008808800000|000000888000000|000000000000000| |000000000000000|000000000000000|000222020222000|002002000200200|000000030000000|000000333000000|000003000300000|000033333330000|000044404440000|000040404040000|000444404444000|000000000000000|000000000000000|000000000000000|000000000000000| |000000000000000|000002000200000|000222020222000|002002000200200|000000030000000|000000333000000|000003000300000|000033333330000|000044404440000|000040404040000|000444404444000|008888888888800|000008808800000|000000888000000|000000000000000|
9def23fe_0,|22222222222222220000|00000002222222222222|00000010022222222222|22222222222222220001|00000100022222222222|22222222222222222222|22222222222222222222|01000000022222222222|00000000222222220000|00000000002220200000|00000000002220200000|00000000002220200000|00000000012220200000|00000000002220200000|00000000002220200000|00000000002220200000|00000000002220200000|00000000002221200000|00000000002220200000|00000000002220210000| |00000002222222220000|00000002222222220000|00000012222222222220|22222222222222220001|00000102222222222220|22222222222222222220|22222222222222222220|01000002222222222220|22222222222222220001|00000000002220200000|00000000002220200000|00000000002220200000|00000000012220200000|00000000002220200000|00000000002220200000|00000000002220200000|00000000002220200000|00000000002221200000|00000000002220200000|00000000002220210000| |00000000022222220000|00000000022222220000|00000010022222222220|22222222222222220001|00000100022222222220|22222222222222222220|22222222222222222220|01000000022222222220|22222222222222220001|00000000002220200000|00000000002220200000|00000000002220200000|00000000012220200000|00000000002220200000|00000000002220200000|00000000002220200000|00000000002220200000|00000000002221200000|00000000002220200000|00000000002220210000|
992798f6_0,|0000000000000000|0000300000000000|0000000000000000|0000000000000000|0000000000000000|0000000000000000|0000000000000000|0000000000000000|0000000000000000|0000000000000000|0000000000000000|0000000000000000|0000000000000000|0000000000002000|0000000000000000|0000000000000000| |0000000000000000|0000100000000000|0000030000000000|0000000000000000|0000000000000000|0000000000000000|0000000000000000|0000000000000000|0000000000030000|0000000000030000|0000000000030000|0000000000030000|0000000000030000|0000000000002000|0000000000000000|0000000000000000| |0000000000000000|0000100000000000|0000030000000000|0000000000000000|0000000000000000|0000000000000000|0000000000000000|0000000000000000|0000000000000000|0000000000000000|0000000000000000|0000000000000000|0000000000000000|0000000000002000|0000000000000000|0000000000000000|
00dbd492_0,|00000000000222220000|02222222220288820000|02888888820282820000|02888888820288820000|02888888820222220000|02888288820000000000|02888888820000000000|02888888820002222200|02888888820002888200|02222222220002828200|00000000000002888200|00000000000002222200|00000222222200000000|00000288888200000000|00000288888200000000|00000288288200000000|00000288888200000000|00000288888200000000|00000222222200000000|00000000000000000000| |00000000000222220000|02222222220244420000|02244444420242420000|02244444420244420000|02244444420222220000|02244222420000000000|02244444420000000000|02244444420002222200|02244444420002444200|02222222220002424200|00000000000002444200|00000000000002222200|00000222222200000000|00000244444200000000|00000244444200000000|00000244244200000000|00000244444200000000|00000244422200000000|00000222222200000000|00000000000000000000| |00000000000222220000|02222222220288220000|02333333320242420000|02333333320288420000|02333333320222220000|02333233320000000000|02333333320000000000|02333333320002222200|02333333320002333200|02222222220002323200|00000000000002333200|00000000000002222200|00000222222200000000|00000233333200000000|00000233333200000000|00000233233200000000|00000233333200000000|00000233333200000000|00000222222200000000|00000000000000000000|
e9c9d9a1_0,|223000300344444|223000300344444|223000300344444|333333333333333|003777377300000|003777377300000|003777377300000|333333333333333|003777377300000|003777377300000|333333333333333|113000300388888|113000300388888|113000300388888|113000300388888| |223000300344444|223000300344444|223000300344444|333333333333333|003477344300000|003477344300000|003477344300000|333333333333333|003477344300000|003777377300000|333333333333333|113000300388888|113000300388888|113000300388888|113000300388888| |223000300311111|223000300311111|223000300311111|333333333333333|003777377300000|003777377300000|003777377300000|333333333333333|003777377300000|003777377300000|333333333333333|443000300388888|443000300388888|443000300388888|443000300388888|
c6e1b8da_0,|00000000000000000000|02222220000000000000|02222220000000000000|02222222200000000000|02222222888800000000|00022223888800111110|00000000000000111110|00000000000000111110|00000000000000111110|00000000000000111110|00003333333000001000|00033333333000001000|00033333333000000000|00033333333000000000|00033333333370000000|00000007777770000000|00000007777770000000|00000007777770000000|00000007777770000000|00000000000000000000| |00000000000000000000|02222220000000000000|02222228888800000000|02288888888800000000|02222223888800000000|00033333888800111110|00000000000000111110|00000000000000111000|00000000000000111000|00000000000000111000|00033333333000111000|00033333333000111000|00033333333000000000|00033333333000000000|00033333333770000000|00000007777770000000|00000007777770000000|00000000000000000000|00000000000000000000|00000000000000000000| |00000000000000000000|02222220000000000000|02222228888800000000|02222228888800000000|02222223888800000000|00033333888800111110|00000000000000111110|00000000000000111000|00000000000000111000|00000000000000111000|00033333333000111000|00033333333000111000|00033333333000000000|00033333333000000000|00033333333770000000|00000007777770000000|00000007777770000000|00000000000000000000|00000000000000000000|00000000000000000000|
08573cc6_0,|0000000000000|0000000000000|2222000000000|0800002810000|0800002880000|0822228880000|0000002220000|0822188820000|0800000820000|0800000820000|0800000800000|0222222220000|0000000000000| |0000000000000|0000000000000|2228220000000|0022020000000|0220000000000|0820280000000|0000000000000|0822280000000|0000000000000|0000000000000|0000000000000|0000000000000|0000000000000| |0000000000000|0000000000000|2222280000000|0000080000000|0220000000000|0822280000000|0800000000000|0822220000000|0822880000000|0800000000000|0822220000000|0820000000000|0000000000000|
f0df5ff0_0,|000700607000003|204037007171008|111780627111272|111021126111078|611611100200864|004661148008087|876110077448007|301110311107080|008686761660407|087078071800804|440113002003848|008111837678087|000181061300311|060000631130113|460000811122116| |000700607111003|204037007171008|111780627111272|111021126111078|611611100200864|004661148008087|876110077448007|301110311107080|008686761660407|087078071800804|440113002003848|008111837678087|000181061300311|060000631130113|460000811122116| |030000000040004|042000800800000|002088800003040|111432080020800|111040444820080|213000300030020|000004300011100|003280008011108|420000040011100|300043808200420|011111102008110|011123800201112|011130000034118|000408080200300|080004000480800|
2c737e39_0,|0000000000|0003300000|0003005000|0000030000|0000300000|0003000000|0030000000|0300000000|0000003000|0000000000|0000000000| |0000000000|0000000000|0000000000|0000000000|0000000000|0000000000|0000000000|0000000000|0005000000|0223300000|0103300000| |0000000000|0000000000|0000005000|0000000000|0000000000|0000000000|0000000000|0000000000|0000000000|0000000000|0103388000|
e133d23d_0,|022|222|202| |222|222|202| |222|222|222|
9bebae7a_0,|000000000000|000000400004|000004440044|000000040040|000000444444|000000440044|000000000000|000000000000|000000000000|000000000000|000000000000| |000000000000|000000400000|000004440000|000000040000|000000444000|000000444000|000000440000|000000440000|000000400000|000000000000|000000000000| |000000000000|000000400000|000004440000|000000040000|000000444000|000000444000|000000000000|000004440000|000000400000|000000400000|000000000000|
fafd9572_0,|020000000000|474000000000|303000300000|000003330000|000003030000|000000000000|003000300030|073303330333|070303030303|000000000000|003000000030|073300000333|070300000303|000000000000| |020000000000|474000000000|303000300000|000003330000|000003030000|000000000000|003000300030|033303330333|030303030303|000000000000|003000000030|033300000333|030300000303|000000000000| |020000000000|474000000000|303000300000|000003340000|000003030000|000000000000|003000400070|073404330373|020302030203|000000000000|003000000030|043300000373|030300000303|000000000000|
da515329_0,|00000000000000000000000000|00000000000000000000000000|00000000000000000000000000|00000000000000000000000000|00000000000000000000000000|00000000000000000000000000|00000000000000000000000000|00000000000000000000000000|00000000000000000000000000|00000000000000000000000000|00000000000808888888888888|00000000000808000000000000|00000000000808088888888888|00000000000808080000000000|00000000000808080888888888|00000000000808080800000008|00000000000808080808888808|00000000000808080808000808|00000000000808080880880808|00000000000808080008080808|00000000000808088888080808|00000000000808000000080808|00000000000808888888880808|00000000000800000000000808|00000000000888888888888808|00000000000000000000000008| |80000000000080000000008080|80888888888888888888888880|80800000000000800000000080|80808888888808888888880080|80808000000080808000008080|80808088888008888888000080|80808080008080800000808080|80808808808080880800008080|80800080808080808080808080|80888880808080808000808080|80000000808080800080808080|88888888808000880800808080|00000080808080800000808080|00008880800008888808008080|00000080808000800000008080|00008880000888888888080080|00000080808080808000000080|00008800088888888888880880|00000000000000800000000080|00008008888888888888888880|80800000808080808000008080|00008000000000800000000080|00008000000000800000000080|00008800000000880000000080|80800000000080000000008080|00008800000000880000000080| |80000000000080808080808080|80888888888880000000808000|80800000000080888880808088|80808888888880000080808000|80808000000080808080808088|80808088888080000080808000|80808080008080888088888088|80808808808080800000808000|80800080808080808888888088|80888880808080808000008000|80000000808080888888888088|88888888808080800000000000|80808080888880808080808080|00808080000000808080808000|88808088888880808080808088|00008000000080808080808000|88888088888880808880808888|00800000800080808080808000|88888888808080808080808088|00008000000080000000808000|88888880888880808080808088|00000080800080000000008000|88808080808880808080808088|00008080000000000000000000|88888888888888888888808088|00000000000000000000008000|
9110e3c5_0,|000|080|080| |080|888|080| |000|888|000|
9110e3c5_1,|088|080|080| |080|888|080| |008|000|000|
